id,label,comment,ancestors,supertypes,subtypes,properties
MusicVenue,Music Venue,A music venue.,Thing Place CivicStructure,CivicStructure,,
VideoObject,Video Object,A video file.,Thing CreativeWork MediaObject,MediaObject,,caption thumbnail
Duration,Duration,"Quantity: Duration (use  <a href=""http://en.wikipedia.org/wiki/ISO_8601"" target=""new"">ISO 8601 duration format</a>).",Thing Intangible Quantity,Quantity,,
WPHeader,WP Header,The header section of the page.,Thing CreativeWork WebPageElement,WebPageElement,,
RVPark,RV Park,An RV park.,Thing Place CivicStructure,CivicStructure,,
MusicVideoObject,Music Video Object,A music video file.,Thing CreativeWork MediaObject,MediaObject,,
MovieRentalStore,Movie Rental Store,A movie rental store.,Thing Organization LocalBusiness Store,Store,,
SkiResort,Ski Resort,A ski resort.,Thing Organization LocalBusiness SportsActivityLocation,SportsActivityLocation,,
OceanBodyOfWater,Ocean Body of Water,"An ocean (for example, the Pacific).",Thing Place Landform BodyOfWater,BodyOfWater,,
TattooParlor,Tattoo Parlor,A tattoo parlor.,Thing Organization LocalBusiness HealthAndBeautyBusiness,HealthAndBeautyBusiness,,
ItemAvailability,Item Availability,A list of possible product availablity options.,Thing Intangible Enumeration,Enumeration,,
EntertainmentBusiness,Entertainment Business,A business providing entertainment.,Thing Organization LocalBusiness,LocalBusiness,AdultEntertainment AmusementPark ArtGallery Casino ComedyClub MovieTheater NightClub,
EducationalOrganization,Educational Organization,An educational organization.,Thing Organization,Organization,CollegeOrUniversity ElementarySchool HighSchool MiddleSchool Preschool School,alumni
AutomatedTeller,Automated Teller,ATM/cash machine.,Thing Organization LocalBusiness FinancialService,FinancialService,,
Offer,Offer,"An offer to sell an item—for example, an offer to sell a product, the DVD of a movie, or tickets to an event.",Thing Intangible,Intangible,AggregateOffer,aggregateRating availability itemCondition itemOffered price priceCurrency priceValidUntil reviews seller
OfferItemCondition,Offer Item Condition,A list of possible conditions for the item for sale.,Thing Intangible Enumeration,Enumeration,,
ConvenienceStore,Convenience Store,A convenience store.,Thing Organization LocalBusiness Store,Store,,
AboutPage,About Page,Web page type: About page.,Thing CreativeWork WebPage,WebPage,,
WPFooter,WP Footer,The footer section of the page.,Thing CreativeWork WebPageElement,WebPageElement,,
ImageObject,Image Object,An image file.,Thing CreativeWork MediaObject,MediaObject,,caption exifData representativeOfPage thumbnail
SelfStorage,Self Storage,Self-storage facility.,Thing Organization LocalBusiness,LocalBusiness,,
AutomotiveBusiness,Automotive Business,"Car repair, sales, or parts.",Thing Organization LocalBusiness,LocalBusiness,AutoBodyShop AutoDealer AutoPartsStore AutoRental AutoRepair AutoWash GasStation MotorcycleDealer MotorcycleRepair,
PoliceStation,Police Station,A police station.,Thing Place CivicStructure,CivicStructure EmergencyService,,
PostOffice,Post Office,A post office.,Thing Organization LocalBusiness GovernmentOffice,GovernmentOffice,,
Aquarium,Aquarium,Aquarium.,Thing Place CivicStructure,CivicStructure,,
UserDownloads,User Downloads,User interaction: Download of an item.,Thing Event UserInteraction,UserInteraction,,
MotorcycleRepair,Motorcycle Repair,A motorcycle repair shop.,Thing Organization LocalBusiness AutomotiveBusiness,AutomotiveBusiness,,
GeoCoordinates,Geo Coordinates,The geographic coordinates of a place or event.,Thing Intangible StructuredValue,StructuredValue,,elevation latitude longitude
AudioObject,Audio Object,An audio file.,Thing CreativeWork MediaObject,MediaObject,,
Physician,Physician,A doctor's office.,Thing Organization LocalBusiness MedicalOrganization,MedicalOrganization,,
SearchResultsPage,Search Results Page,Web page type: Search results page.,Thing CreativeWork WebPage,WebPage,,
ComputerStore,Computer Store,A computer store.,Thing Organization LocalBusiness Store,Store,,
Restaurant,Restaurant,A restaurant.,Thing Organization LocalBusiness FoodEstablishment,FoodEstablishment,,
WebPage,Web Page,"A web page. Every web page is implicitly assumed to be declared to be of type WebPage, so the various properties about that webpage, such as <code>breadcrumb</code> may be used. We recommend explicit declaration if these properties are specified, but if they are found outside of an itemscope, they will be assumed to be about the page",Thing CreativeWork,CreativeWork,AboutPage CheckoutPage CollectionPage ContactPage ItemPage ProfilePage SearchResultsPage,breadcrumb isPartOf mainContentOfPage primaryImageOfPage significantLinks
ProfilePage,Profile Page,Web page type: Profile page.,Thing CreativeWork WebPage,WebPage,,
MusicPlaylist,Music Playlist,A collection of music tracks in playlist form.,Thing CreativeWork,CreativeWork,MusicAlbum,numTracks tracks
BeautySalon,Beauty Salon,Beauty salon.,Thing Organization LocalBusiness HealthAndBeautyBusiness,HealthAndBeautyBusiness,,
MusicStore,Music Store,A music store.,Thing Organization LocalBusiness Store,Store,,
Crematorium,Crematorium,A crematorium.,Thing Place CivicStructure,CivicStructure,,
SocialEvent,Social Event,Event type: Social event.,Thing Event,Event,,
LodgingBusiness,Lodging Business,"A lodging business, such as a motel, hotel, or inn.",Thing Organization LocalBusiness,LocalBusiness,BedAndBreakfast Hostel Hotel Motel,
Bakery,Bakery,A bakery.,Thing Organization LocalBusiness FoodEstablishment,FoodEstablishment,,
Landform,Landform,"A landform or physical feature.  Landform elements include mountains, plains, lakes, rivers, seascape and oceanic waterbody interface features such as bays, peninsulas, seas and so forth, including sub-aqueous terrain features such as submersed mountain ranges, volcanoes, and the great ocean basins.",Thing Place,Place,BodyOfWater Continent Mountain Volcano,
StadiumOrArena,Stadium or Arena,A stadium.,Thing Place CivicStructure,CivicStructure SportsActivityLocation,,
Organization,Organization,"An organization such as a school, NGO, corporation, club, etc.",Thing,Thing,Corporation EducationalOrganization GovernmentOrganization LocalBusiness NGO PerformingGroup SportsTeam,address aggregateRating contactPoints email employees events faxNumber founders foundingDate interactionCount location members reviews telephone
SaleEvent,Sale Event,Event type: Sales event.,Thing Event,Event,,
MiddleSchool,Middle School,A middle school.,Thing Organization EducationalOrganization,EducationalOrganization,,
HardwareStore,Hardware Store,A hardware store.,Thing Organization LocalBusiness Store,Store,,
FurnitureStore,Furniture Store,A furniture store.,Thing Organization LocalBusiness Store,Store,,
Rating,Rating,The rating of the video.,Thing Intangible,Intangible,AggregateRating,bestRating ratingValue worstRating
SportsClub,Sports Club,A sports club.,Thing Organization LocalBusiness SportsActivityLocation,SportsActivityLocation,,
BlogPosting,Blog Posting,A blog post.,Thing CreativeWork Article,Article,,
Volcano,Volcano,"A volcano, like Fuji san",Thing Place Landform,Landform,,
MusicEvent,Music Event,Event type: Music event.,Thing Event,Event,,
FoodEstablishment,Food Establishment,A food-related business.,Thing Organization LocalBusiness,LocalBusiness,Bakery BarOrPub Brewery CafeOrCoffeeShop FastFoodRestaurant IceCreamShop Restaurant Winery,acceptsReservations menu servesCuisine
ComedyClub,Comedy Club,A comedy club.,Thing Organization LocalBusiness EntertainmentBusiness,EntertainmentBusiness,,
MedicalClinic,Medical Clinic,A medical clinic.,Thing Organization LocalBusiness MedicalOrganization,MedicalOrganization,,
TelevisionStation,Television Station,A television station.,Thing Organization LocalBusiness,LocalBusiness,,
NightClub,Night Club,A nightclub or discotheque.,Thing Organization LocalBusiness EntertainmentBusiness,EntertainmentBusiness,,
CivicStructure,Civic Structure,"A public structure, such as a town hall or concert hall.",Thing Place,Place,Airport Aquarium Beach BusStation BusStop Campground Cemetery Crematorium EventVenue FireStation GovernmentBuilding Hospital MovieTheater Museum MusicVenue Park ParkingFacility PerformingArtsTheater PlaceOfWorship Playground PoliceStation RVPark StadiumOrArena SubwayStation TaxiStand TrainStation Zoo,openingHours
Book,Book,A book.,Thing CreativeWork,CreativeWork,,bookEdition bookFormat illustrator isbn numberOfPages
MusicGroup,Music Group,"A musical group, such as a band, an orchestra, or a choir. Can also be a solo musician.",Thing Organization PerformingGroup,PerformingGroup,,albums musicGroupMember tracks
ElementarySchool,Elementary School,An elementary school.,Thing Organization EducationalOrganization,EducationalOrganization,,
Campground,Campground,A campground.,Thing Place CivicStructure,CivicStructure,,
FoodEvent,Food Event,Event type: Food event.,Thing Event,Event,,
Playground,Playground,A playground.,Thing Place CivicStructure,CivicStructure,,
HairSalon,Hair Salon,A hair salon.,Thing Organization LocalBusiness HealthAndBeautyBusiness,HealthAndBeautyBusiness,,
Synagogue,Synagogue,A synagogue.,Thing Place CivicStructure PlaceOfWorship,PlaceOfWorship,,
Courthouse,Courthouse,A courthouse.,Thing Place CivicStructure GovernmentBuilding,GovernmentBuilding,,
PerformingArtsTheater,Performing Arts Theater,A theatre or other performing art center.,Thing Place CivicStructure,CivicStructure,,
Festival,Festival,Event type: Festival.,Thing Event,Event,,
Recipe,Recipe,A recipe.,Thing CreativeWork,CreativeWork,,cookTime cookingMethod ingredients nutrition prepTime recipeCategory recipeCuisine recipeInstructions recipeYield totalTime
Hospital,Hospital,A hospital.,Thing Organization LocalBusiness MedicalOrganization,CivicStructure MedicalOrganization EmergencyService,,
NGO,NGO,Organization: Non-governmental Organization.,Thing Organization,Organization,,
Mosque,Mosque,A mosque.,Thing Place CivicStructure PlaceOfWorship,PlaceOfWorship,,
WPSideBar,WP Side Bar,A sidebar section of the page.,Thing CreativeWork WebPageElement,WebPageElement,,
Enumeration,Enumeration,"Lists or enumerations—for example, a list of cuisines or music genres, etc.",Thing Intangible,Intangible,BookFormatType ItemAvailability OfferItemCondition,
Pharmacy,Pharmacy,A pharmacy or drugstore.,Thing Organization LocalBusiness MedicalOrganization,MedicalOrganization,,
EducationEvent,Education Event,Event type: Education event.,Thing Event,Event,,
State,State,A state or province.,Thing Place AdministrativeArea,AdministrativeArea,,
BikeStore,Bike Store,A bike store.,Thing Organization LocalBusiness Store,Store,,
Electrician,Electrician,An electrician.,Thing Organization LocalBusiness HomeAndConstructionBusiness,HomeAndConstructionBusiness ProfessionalService,,
PetStore,Pet Store,A pet store.,Thing Organization LocalBusiness Store,Store,,
EmploymentAgency,Employment Agency,An employment agency.,Thing Organization LocalBusiness,LocalBusiness,,
TVEpisode,TV Episode,An episode of a TV series or season.,Thing CreativeWork,CreativeWork,,actors director episodeNumber musicBy partOfSeason partOfTVSeries producer productionCompany
ItemPage,Item Page,"A page devoted to a single item, such as a particular product or hotel.",Thing CreativeWork WebPage,WebPage,,
Locksmith,Locksmith,A locksmith.,Thing Organization LocalBusiness HomeAndConstructionBusiness,HomeAndConstructionBusiness ProfessionalService,,
GolfCourse,Golf Course,A golf course.,Thing Organization LocalBusiness SportsActivityLocation,SportsActivityLocation,,
AutoWash,Auto Wash,A car wash business.,Thing Organization LocalBusiness AutomotiveBusiness,AutomotiveBusiness,,
AggregateOffer,Aggregate Offer,"When a single product that has different offers (for example, the same pair of shoes is offered by different merchants), then AggregateOffer can be used.",Thing Intangible Offer,Offer,,highPrice lowPrice offerCount
RecyclingCenter,Recycling Center,A recycling center.,Thing Organization LocalBusiness,LocalBusiness,,
SingleFamilyResidence,Single Family Residence,Residence type: Single-family home.,Thing Place Residence,Residence,,
Park,Park,A park.,Thing Place CivicStructure,CivicStructure,,
ClothingStore,Clothing Store,A clothing store.,Thing Organization LocalBusiness Store,Store,,
StructuredValue,Structured Value,"Structured values are strings—for example, addresses—that have certain constraints on their structure.",Thing Intangible,Intangible,ContactPoint GeoCoordinates NutritionInformation,
AutoRental,Auto Rental,A car rental business.,Thing Organization LocalBusiness AutomotiveBusiness,AutomotiveBusiness,,
BodyOfWater,Body of Water,"A body of water, such as a sea, ocean, or lake.",Thing Place Landform,Landform,Canal LakeBodyOfWater OceanBodyOfWater Pond Reservoir RiverBodyOfWater SeaBodyOfWater Waterfall,
NewsArticle,News Article,A news article,Thing CreativeWork Article,Article,,
Country,Country,A country.,Thing Place AdministrativeArea,AdministrativeArea,,
BookFormatType,Book Format Type,The publication format of the book.,Thing Intangible Enumeration,Enumeration,,
Article,Article,"An article, such as a news article or piece of investigative report. Newspapers and magazines have articles of many different types and this is intended to cover them all.",Thing CreativeWork,CreativeWork,BlogPosting NewsArticle ScholarlyArticle,articleBody articleSection
HomeAndConstructionBusiness,Home And Construction Business,A construction business.,Thing Organization LocalBusiness,LocalBusiness,Electrician GeneralContractor HVACBusiness HousePainter Locksmith MovingCompany Plumber RoofingContractor,
ComedyEvent,Comedy Event,Event type: Comedy event.,Thing Event,Event,,
GovernmentOrganization,Government Organization,A governmental organization or agency.,Thing Organization,Organization,,
Plumber,Plumber,A plumbing service.,Thing Organization LocalBusiness HomeAndConstructionBusiness,HomeAndConstructionBusiness ProfessionalService,,
MusicRecording,Music Recording,,Thing CreativeWork,CreativeWork,,byArtist duration inAlbum inPlaylist
HomeGoodsStore,Home Goods Store,A home goods store.,Thing Organization LocalBusiness Store,Store,,
UserInteraction,User Interaction,A user interacting with a page,Thing Event,Event,UserBlocks UserCheckins UserComments UserDownloads UserLikes UserPageVisits UserPlays UserPlusOnes UserTweets,
TouristInformationCenter,Tourist Information Center,A tourist information center.,Thing Organization LocalBusiness,LocalBusiness,,
UserComments,User Comments,User interaction: A comment about an item.,Thing Event UserInteraction,UserInteraction,,
GeneralContractor,General Contractor,A general contractor.,Thing Organization LocalBusiness HomeAndConstructionBusiness,HomeAndConstructionBusiness ProfessionalService,,
AutoRepair,Auto Repair,Car repair business.,Thing Organization LocalBusiness AutomotiveBusiness,AutomotiveBusiness,,
Thing,Thing,The most generic type of item.,,,CreativeWork Event Intangible Organization Person Place Product,description image name url
TennisComplex,Tennis Complex,A tennis complex.,Thing Organization LocalBusiness SportsActivityLocation,SportsActivityLocation,,
EventVenue,Event Venue,An event venue.,Thing Place CivicStructure,CivicStructure,,
Place,Place,"Entities that have a somewhat fixed, physical extension.",Thing,Thing,AdministrativeArea CivicStructure Landform LandmarksOrHistoricalBuildings LocalBusiness Residence TouristAttraction,address aggregateRating containedIn events faxNumber geo interactionCount maps photos reviews telephone
WholesaleStore,Wholesale Store,A wholesale store.,Thing Organization LocalBusiness Store,Store,,
TrainStation,Train Station,A train station.,Thing Place CivicStructure,CivicStructure,,
Hotel,Hotel,A hotel.,Thing Organization LocalBusiness LodgingBusiness,LodgingBusiness,,
WPAdBlock,WP Ad Block,An advertising section of the page.,Thing CreativeWork WebPageElement,WebPageElement,,
AutoBodyShop,Auto Body Shop,Auto body shop.,Thing Organization LocalBusiness AutomotiveBusiness,AutomotiveBusiness,,
HVACBusiness,HVAC Business,An HVAC service.,Thing Organization LocalBusiness HomeAndConstructionBusiness,HomeAndConstructionBusiness,,
BarOrPub,Bar or Pub,A bar or pub.,Thing Organization LocalBusiness FoodEstablishment,FoodEstablishment,,
AutoPartsStore,Auto Parts Store,An auto parts store.,Thing Organization LocalBusiness Store,AutomotiveBusiness Store,,
CollectionPage,Collection Page,Web page type: Collection page.,Thing CreativeWork WebPage,WebPage,ImageGallery VideoGallery,
MotorcycleDealer,Motorcycle Dealer,A motorcycle dealer.,Thing Organization LocalBusiness AutomotiveBusiness,AutomotiveBusiness,,
Reservoir,Reservoir,,Thing Place Landform BodyOfWater,BodyOfWater,,
DefenceEstablishment,Defence Establishment,"A defence establishment, such as an army or navy base.",Thing Place CivicStructure GovernmentBuilding,GovernmentBuilding,,
ApartmentComplex,Apartment Complex,Residence type: Apartment complex.,Thing Place Residence,Residence,,
DanceEvent,Dance Event,Event type: A social dance.,Thing Event,Event,,
Event,Event,An event happening at a certain time at a certain location.,Thing,Thing,BusinessEvent ChildrensEvent ComedyEvent DanceEvent EducationEvent Festival FoodEvent LiteraryEvent MusicEvent SaleEvent SocialEvent SportsEvent TheaterEvent UserInteraction VisualArtsEvent,attendees duration endDate location offers performers startDate subEvents superEvent
AnimalShelter,Animal Shelter,Animal shelter.,Thing Organization LocalBusiness,LocalBusiness,,
Embassy,Embassy,An embassy.,Thing Place CivicStructure GovernmentBuilding,GovernmentBuilding,,
HinduTemple,Hindu Temple,A Hindu temple.,Thing Place CivicStructure PlaceOfWorship,PlaceOfWorship,,
TVSeries,TV Series,A television series.,Thing CreativeWork,CreativeWork,,actors director endDate episodes musicBy numberOfEpisodes producer productionCompany seasons startDate trailer
ContactPage,Contact Page,Web page type: Contact page.,Thing CreativeWork WebPage,WebPage,,
Sculpture,Sculpture,A piece of sculpture.,Thing CreativeWork,CreativeWork,,
ChildCare,Child Care,A Childcare center.,Thing Organization LocalBusiness,LocalBusiness,,
AccountingService,Accounting Service,Accountancy business.,Thing Organization LocalBusiness FinancialService,ProfessionalService FinancialService,,
LiquorStore,Liquor Store,A liquor store.,Thing Organization LocalBusiness Store,Store,,
Continent,Continent,"One of the continents (for example, Europe or Africa).",Thing Place Landform,Landform,,
MensClothingStore,Mens Clothing Store,A men's clothing store.,Thing Organization LocalBusiness Store,Store,,
Canal,Canal,,Thing Place Landform BodyOfWater,BodyOfWater,,
Mountain,Mountain,"A mountain, like Mount Whitney or Mount Everest",Thing Place Landform,Landform,,
UserPlays,User Plays,"User interaction: Play count of an item, for example a video or a song.",Thing Event UserInteraction,UserInteraction,,
ShoppingCenter,Shopping Center,A shopping center or mall.,Thing Organization LocalBusiness,LocalBusiness,,
TireShop,Tire Shop,A tire shop.,Thing Organization LocalBusiness Store,Store,,
TouristAttraction,Tourist Attraction,A tourist attraction.,Thing Place,Place,,
HealthClub,Health Club,A health club.,Thing Organization LocalBusiness HealthAndBeautyBusiness,SportsActivityLocation HealthAndBeautyBusiness,,
Review,Review,"A review of an item - for example, a restaurant, movie, or store.",Thing CreativeWork,CreativeWork,,itemReviewed reviewBody reviewRating
MovingCompany,Moving Company,A moving company.,Thing Organization LocalBusiness HomeAndConstructionBusiness,HomeAndConstructionBusiness,,
SportsActivityLocation,Sports Activity Location,"A sports location, such as a playing field.",Thing Organization LocalBusiness,LocalBusiness,BowlingAlley ExerciseGym GolfCourse HealthClub PublicSwimmingPool SkiResort SportsClub StadiumOrArena TennisComplex,
LocalBusiness,Local Business,"A particular physical business or branch of an organization. Examples of LocalBusiness include a restaurant, a particular branch of a restaurant chain, a branch of a bank, a medical practice, a club, a bowling alley, etc.",Thing Organization,Place Organization,AnimalShelter AutomotiveBusiness ChildCare DryCleaningOrLaundry EmergencyService EmploymentAgency EntertainmentBusiness FinancialService FoodEstablishment GovernmentOffice HealthAndBeautyBusiness HomeAndConstructionBusiness InternetCafe Library LodgingBusiness MedicalOrganization ProfessionalService RadioStation RealEstateAgent RecyclingCenter SelfStorage ShoppingCenter SportsActivityLocation Store TelevisionStation TouristInformationCenter TravelAgency,branchOf currenciesAccepted openingHours paymentAccepted priceRange
BookStore,Book Store,A bookstore.,Thing Organization LocalBusiness Store,Store,,
VeterinaryCare,Veterinary Care,A vet's office.,Thing Organization LocalBusiness MedicalOrganization,MedicalOrganization,,
MedicalOrganization,Medical Organization,"A medical organization, such as a doctor's office or clinic.",Thing Organization LocalBusiness,LocalBusiness,Dentist Hospital MedicalClinic Optician Pharmacy Physician VeterinaryCare,
Store,Store,A retail good store.,Thing Organization LocalBusiness,LocalBusiness,AutoPartsStore BikeStore BookStore ClothingStore ComputerStore ConvenienceStore DepartmentStore ElectronicsStore Florist FurnitureStore GardenStore GroceryStore HardwareStore HobbyShop HomeGoodsStore JewelryStore LiquorStore MensClothingStore MobilePhoneStore MovieRentalStore MusicStore OfficeEquipmentStore OutletStore PawnShop PetStore ShoeStore SportingGoodsStore TireShop ToyStore WholesaleStore,
PerformingGroup,Performing Group,"A performance group, such as a band, an orchestra, or a circus.",Thing Organization,Organization,DanceGroup MusicGroup TheaterGroup,
UserCheckins,User Checkins,User interaction: Check-in at a place.,Thing Event UserInteraction,UserInteraction,,
DryCleaningOrLaundry,Dry Cleaning or Laundry,A dry-cleaning business.,Thing Organization LocalBusiness,LocalBusiness,,
ItemList,Item List,"A list of items of any sort—for example, Top 10 Movies About Weathermen, or Top 100 Party Songs. Not to be confused with HTML lists, which are often used only for formatting.",Thing CreativeWork,CreativeWork,,itemListElement
OfficeEquipmentStore,Office Equipment Store,An office equipment store.,Thing Organization LocalBusiness Store,Store,,
InternetCafe,Internet Cafe,An internet cafe.,Thing Organization LocalBusiness,LocalBusiness,,
BusinessEvent,Business Event,Event type: Business event.,Thing Event,Event,,
HobbyShop,Hobby Shop,A hobby store.,Thing Organization LocalBusiness Store,Store,,
Dentist,Dentist,A dentist.,Thing Organization LocalBusiness MedicalOrganization,MedicalOrganization ProfessionalService,,
GroceryStore,Grocery Store,A grocery store.,Thing Organization LocalBusiness Store,Store,,
Movie,Movie,,Thing CreativeWork,CreativeWork,,actors director duration musicBy producer productionCompany trailer
ImageGallery,Image Gallery,Web page type: Image gallery page.,Thing CreativeWork WebPage CollectionPage,CollectionPage,,
CreativeWork,Creative Work,"The most generic kind of creative work, including books, movies, photographs, software programs, etc.",Thing,Thing,Article Blog Book ItemList Map MediaObject Movie MusicPlaylist MusicRecording Painting Photograph Recipe Review Sculpture TVEpisode TVSeason TVSeries WebPage WebPageElement,about aggregateRating audio author awards contentLocation contentRating datePublished editor encodings genre headline inLanguage interactionCount isFamilyFriendly keywords offers publisher reviews video
MediaObject,Media Object,"An image, video, or audio object embedded in a web page. Note that a creative work may have many media objects associated with it on the same web page. For example, a page about a single song (MusicRecording) may have a music video (VideoObject), and a high and low bandwidth audio stream (2 AudioObject's).",Thing CreativeWork,CreativeWork,AudioObject ImageObject MusicVideoObject VideoObject,bitrate contentSize contentURL duration embedURL encodesCreativeWork encodingFormat expires height playerType regionsAllowed requiresSubscription uploadDate width
Preschool,Preschool,A preschool.,Thing Organization EducationalOrganization,EducationalOrganization,,
SiteNavigationElement,Site Navigation Element,A navigation element of the page.,Thing CreativeWork WebPageElement,WebPageElement,,
ProfessionalService,Professional Service,Provider of professional services.,Thing Organization LocalBusiness,LocalBusiness,AccountingService Attorney Dentist Electrician GeneralContractor HousePainter Locksmith Notary Plumber RoofingContractor,
Language,Language,"Natural languages such as Spanish, Tamil, Hindi, English, etc. and programming languages such as Scheme and Lisp.",Thing Intangible,Intangible,,
SubwayStation,Subway Station,A subway station.,Thing Place CivicStructure,CivicStructure,,
SeaBodyOfWater,Sea Body of Water,"A sea (for example, the Caspian sea).",Thing Place Landform BodyOfWater,BodyOfWater,,
Casino,Casino,A casino.,Thing Organization LocalBusiness EntertainmentBusiness,EntertainmentBusiness,,
GovernmentOffice,Government Office,"A government office—for example, an IRS or DMV office.",Thing Organization LocalBusiness,LocalBusiness,PostOffice,
Person,Person,"A person (alive, dead, undead, or fictional).",Thing,Thing,,address affiliation alumniOf awards birthDate children colleagues contactPoints deathDate email faxNumber follows gender homeLocation interactionCount jobTitle knows memberOf nationality parents performerIn relatedTo siblings spouse telephone workLocation worksFor
Mass,Mass,"Properties that take Mass as values are of the form '<Number> <Mass unit of measure>'. E.g., '7 kg'",Thing Intangible Quantity,Quantity,,
SportingGoodsStore,Sporting Goods Store,A sporting goods store.,Thing Organization LocalBusiness Store,Store,,
Notary,Notary,A notary.,Thing Organization LocalBusiness ProfessionalService,ProfessionalService,,
AggregateRating,Aggregate Rating,The average rating based on multiple ratings or reviews.,Thing Intangible Rating,Rating,,itemReviewed ratingCount reviewCount
UserPlusOnes,User Plus Ones,User interaction: +1.,Thing Event UserInteraction,UserInteraction,,
Zoo,Zoo,A zoo.,Thing Place CivicStructure,CivicStructure,,
Painting,Painting,A painting.,Thing CreativeWork,CreativeWork,,
GardenStore,Garden Store,A garden store.,Thing Organization LocalBusiness Store,Store,,
Quantity,Quantity,"Quantities such as distance, time, mass, weight, etc. Particular instances of say Mass are entities like '3 Kg' or '4 milligrams'.",Thing Intangible,Intangible,Distance Duration Mass,
Blog,Blog,A blog,Thing CreativeWork,CreativeWork,,blogPosts
HealthAndBeautyBusiness,Health And Beauty Business,Health and beauty.,Thing Organization LocalBusiness,LocalBusiness,BeautySalon DaySpa HairSalon HealthClub NailSalon TattooParlor,
ArtGallery,Art Gallery,An art gallery.,Thing Organization LocalBusiness EntertainmentBusiness,EntertainmentBusiness,,
NailSalon,Nail Salon,A nail salon.,Thing Organization LocalBusiness HealthAndBeautyBusiness,HealthAndBeautyBusiness,,
Museum,Museum,A museum.,Thing Place CivicStructure,CivicStructure,,
CatholicChurch,Catholic Church,A Catholic church.,Thing Place CivicStructure PlaceOfWorship,PlaceOfWorship,,
BusStation,Bus Station,A bus station.,Thing Place CivicStructure,CivicStructure,,
Library,Library,A library.,Thing Organization LocalBusiness,LocalBusiness,,
TheaterEvent,Theater Event,Event type: Theater performance.,Thing Event,Event,,
MusicAlbum,Music Album,A collection of music tracks.,Thing CreativeWork MusicPlaylist,MusicPlaylist,,byArtist
DepartmentStore,Department Store,A department store.,Thing Organization LocalBusiness Store,Store,,
AdministrativeArea,Administrative Area,A geographical region under the jurisdiction of a particular government.,Thing Place,Place,City Country State,
LakeBodyOfWater,Lake Body of Water,"A lake (for example, Lake Pontrachain).",Thing Place Landform BodyOfWater,BodyOfWater,,
FinancialService,Financial Service,Financial services business.,Thing Organization LocalBusiness,LocalBusiness,AccountingService AutomatedTeller BankOrCreditUnion InsuranceAgency,
PlaceOfWorship,Place of Worship,"Place of worship, such as a church, synagogue, or mosque.",Thing Place CivicStructure,CivicStructure,BuddhistTemple CatholicChurch Church HinduTemple Mosque Synagogue,
Church,Church,A church.,Thing Place CivicStructure PlaceOfWorship,PlaceOfWorship,,
MobilePhoneStore,Mobile Phone Store,A mobile-phone store.,Thing Organization LocalBusiness Store,Store,,
ContactPoint,Contact Point,"A contact point—for example, a Customer Complaints department.",Thing Intangible StructuredValue,StructuredValue,PostalAddress,contactType email faxNumber telephone
OutletStore,Outlet Store,An outlet store.,Thing Organization LocalBusiness Store,Store,,
AutoDealer,Auto Dealer,An car dealership.,Thing Organization LocalBusiness AutomotiveBusiness,AutomotiveBusiness,,
FastFoodRestaurant,Fast Food Restaurant,A fast-food restaurant.,Thing Organization LocalBusiness FoodEstablishment,FoodEstablishment,,
AmusementPark,Amusement Park,An amusement park.,Thing Organization LocalBusiness EntertainmentBusiness,EntertainmentBusiness,,
UserBlocks,User Blocks,User interaction: Block this content.,Thing Event UserInteraction,UserInteraction,,
FireStation,Fire Station,A fire station. With firemen.,Thing Place CivicStructure,CivicStructure EmergencyService,,
GasStation,Gas Station,A gas station.,Thing Organization LocalBusiness AutomotiveBusiness,AutomotiveBusiness,,
DaySpa,Day Spa,A day spa.,Thing Organization LocalBusiness HealthAndBeautyBusiness,HealthAndBeautyBusiness,,
AdultEntertainment,Adult Entertainment,An adult entertainment establishment.,Thing Organization LocalBusiness EntertainmentBusiness,EntertainmentBusiness,,
Corporation,Corporation,Organization: A business corporation.,Thing Organization,Organization,,
Motel,Motel,A motel.,Thing Organization LocalBusiness LodgingBusiness,LodgingBusiness,,
ElectronicsStore,Electronics Store,An electronics store.,Thing Organization LocalBusiness Store,Store,,
TravelAgency,Travel Agency,A travel agency.,Thing Organization LocalBusiness,LocalBusiness,,
UserPageVisits,User Page Visits,User interaction: Visit to a web page.,Thing Event UserInteraction,UserInteraction,,
TaxiStand,Taxi Stand,A taxi stand.,Thing Place CivicStructure,CivicStructure,,
LegislativeBuilding,Legislative Building,"A legislative building—for example, the state capitol.",Thing Place CivicStructure GovernmentBuilding,GovernmentBuilding,,
SportsEvent,Sports Event,Event type: Sports event.,Thing Event,Event,,
GovernmentBuilding,Government Building,A government building.,Thing Place CivicStructure,CivicStructure,CityHall Courthouse DefenceEstablishment Embassy LegislativeBuilding,
EmergencyService,Emergency Service,"An emergency service, such as a fire station or ER.",Thing Organization LocalBusiness,LocalBusiness,FireStation Hospital PoliceStation,
HousePainter,House Painter,A house painting service.,Thing Organization LocalBusiness HomeAndConstructionBusiness,HomeAndConstructionBusiness ProfessionalService,,
ToyStore,Toy Store,A toystore.,Thing Organization LocalBusiness Store,Store,,
IceCreamShop,Ice Cream Shop,An ice cream shop,Thing Organization LocalBusiness FoodEstablishment,FoodEstablishment,,
HighSchool,High School,A high school.,Thing Organization EducationalOrganization,EducationalOrganization,,
Beach,Beach,Beach.,Thing Place CivicStructure,CivicStructure,,
Brewery,Brewery,Brewery.,Thing Organization LocalBusiness FoodEstablishment,FoodEstablishment,,
Map,Map,A map.,Thing CreativeWork,CreativeWork,,
Product,Product,"A product is anything that is made available for sale—for example, a pair of shoes, a concert ticket, or a car.",Thing,Thing,,aggregateRating brand manufacturer model offers productID reviews
CollegeOrUniversity,College or University,"A college, university, or other third-level educational institution.",Thing Organization EducationalOrganization,EducationalOrganization,,
BuddhistTemple,Buddhist Temple,A Buddhist temple.,Thing Place CivicStructure PlaceOfWorship,PlaceOfWorship,,
RealEstateAgent,Real Estate Agent,A real-estate agent.,Thing Organization LocalBusiness,LocalBusiness,,
UserTweets,User Tweets,User interaction: Tweets.,Thing Event UserInteraction,UserInteraction,,
RiverBodyOfWater,River Body of Water,"A river (for example, the broad majestic Shannon).",Thing Place Landform BodyOfWater,BodyOfWater,,
BedAndBreakfast,Bed And Breakfast,Bed and breakfast.,Thing Organization LocalBusiness LodgingBusiness,LodgingBusiness,,
CheckoutPage,Checkout Page,Web page type: Checkout page.,Thing CreativeWork WebPage,WebPage,,
ScholarlyArticle,Scholarly Article,A scholarly article.,Thing CreativeWork Article,Article,,
CityHall,City Hall,A city hall.,Thing Place CivicStructure GovernmentBuilding,GovernmentBuilding,,
BowlingAlley,Bowling Alley,A bowling alley.,Thing Organization LocalBusiness SportsActivityLocation,SportsActivityLocation,,
ChildrensEvent,Childrens Event,Event type: Children's event.,Thing Event,Event,,
WebPageElement,Web Page Element,,Thing CreativeWork,CreativeWork,SiteNavigationElement Table WPAdBlock WPFooter WPHeader WPSideBar,
TheaterGroup,Theater Group,"A theater group or company—for example, the Royal Shakespeare Company or Druid Theatre.",Thing Organization PerformingGroup,PerformingGroup,,
Distance,Distance,"Properties that take Distances as values are of the form '<Number> <Length unit of measure>'. E.g., '7 ft'",Thing Intangible Quantity,Quantity,,
ShoeStore,Shoe Store,A shoe store.,Thing Organization LocalBusiness Store,Store,,
ExerciseGym,Exercise Gym,A gym.,Thing Organization LocalBusiness SportsActivityLocation,SportsActivityLocation,,
Optician,Optician,An optician's store.,Thing Organization LocalBusiness MedicalOrganization,MedicalOrganization,,
NutritionInformation,Nutrition Information,Nutritional information about the recipe.,Thing Intangible StructuredValue,StructuredValue,,calories carbohydrateContent cholesterolContent fatContent fiberContent proteinContent saturatedFatContent servingSize sodiumContent sugarContent transFatContent unsaturatedFatContent
JewelryStore,Jewelry Store,A jewelry store.,Thing Organization LocalBusiness Store,Store,,
Photograph,Photograph,A photograph.,Thing CreativeWork,CreativeWork,,
Residence,Residence,The place where a person lives.,Thing Place,Place,ApartmentComplex GatedResidenceCommunity SingleFamilyResidence,
City,City,A city or town.,Thing Place AdministrativeArea,AdministrativeArea,,
GatedResidenceCommunity,Gated Residence Community,Residence type: Gated community.,Thing Place Residence,Residence,,
SportsTeam,Sports Team,Organization: Sports team.,Thing Organization,Organization,,
RoofingContractor,Roofing Contractor,A roofing contractor.,Thing Organization LocalBusiness HomeAndConstructionBusiness,HomeAndConstructionBusiness ProfessionalService,,
RadioStation,Radio Station,A radio station.,Thing Organization LocalBusiness,LocalBusiness,,
Florist,Florist,A florist.,Thing Organization LocalBusiness Store,Store,,
Airport,Airport,An airport.,Thing Place CivicStructure,CivicStructure,,
CafeOrCoffeeShop,Cafe or Coffee Shop,A cafe or coffee shop.,Thing Organization LocalBusiness FoodEstablishment,FoodEstablishment,,
InsuranceAgency,Insurance Agency,Insurance agency.,Thing Organization LocalBusiness FinancialService,FinancialService,,
Winery,Winery,A winery.,Thing Organization LocalBusiness FoodEstablishment,FoodEstablishment,,
Pond,Pond,,Thing Place Landform BodyOfWater,BodyOfWater,,
VideoGallery,Video Gallery,Web page type: Video gallery page.,Thing CreativeWork WebPage CollectionPage,CollectionPage,,
PostalAddress,Postal Address,The mailing address.,Thing Intangible StructuredValue ContactPoint,ContactPoint,,addressCountry addressLocality addressRegion postOfficeBoxNumber postalCode streetAddress
DanceGroup,Dance Group,"A dance group—for example, the Alvin Ailey Dance Theater or Riverdance.",Thing Organization PerformingGroup,PerformingGroup,,
ParkingFacility,Parking Facility,A parking lot or other parking facility.,Thing Place CivicStructure,CivicStructure,,
Attorney,Attorney,Professional service: Attorney.,Thing Organization LocalBusiness ProfessionalService,ProfessionalService,,
MovieTheater,Movie Theater,A movie theater.,Thing Organization LocalBusiness EntertainmentBusiness,CivicStructure EntertainmentBusiness,,
PublicSwimmingPool,Public Swimming Pool,A public swimming pool.,Thing Organization LocalBusiness SportsActivityLocation,SportsActivityLocation,,
PawnShop,Pawn Shop,A pawnstore.,Thing Organization LocalBusiness Store,Store,,
LandmarksOrHistoricalBuildings,Landmarks or Historical Buildings,An historical landmark or building.,Thing Place,Place,,
Cemetery,Cemetery,A graveyard.,Thing Place CivicStructure,CivicStructure,,
Waterfall,Waterfall,"A waterfall, like Niagara",Thing Place Landform BodyOfWater,BodyOfWater,,
TVSeason,TV Season,A TV season.,Thing CreativeWork,CreativeWork,,endDate episodes numberOfEpisodes partOfTVSeries seasonNumber startDate trailer
BankOrCreditUnion,Bank or Credit Union,Bank or credit union.,Thing Organization LocalBusiness FinancialService,FinancialService,,
Intangible,Intangible,"A utility class that serves as the umbrella for a number of 'intangible' things such as quantities, structured values, etc.",Thing,Thing,Enumeration Language Offer Quantity Rating StructuredValue,
VisualArtsEvent,Visual Arts Event,Event type: Visual arts event.,Thing Event,Event,,
School,School,A school.,Thing Organization EducationalOrganization,EducationalOrganization,,
Table,Table,A table on the page.,Thing CreativeWork WebPageElement,WebPageElement,,
UserLikes,User Likes,User interaction: Like an item.,Thing Event UserInteraction,UserInteraction,,
Hostel,Hostel,A hostel.,Thing Organization LocalBusiness LodgingBusiness,LodgingBusiness,,
LiteraryEvent,Literary Event,Event type: Literary event.,Thing Event,Event,,
BusStop,Bus Stop,A bus stop.,Thing Place CivicStructure,CivicStructure,,
